{"cameraMode":{"drawMode":0,"name":"Shaded","section":"Shading Mode"},"sceneLighting":true,"audioPlay":false,"sceneViewState":{"showFog":false,"showMaterialUpdate":false,"showSkybox":false,"showFlares":false,"showImageEffects":false,"showParticleSystems":false},"in2DMode":false,"pivot":{"x":0.9139899611473084,"y":-8.636810302734375,"z":-11.94650650024414},"rotation":{"x":-0.23272867500782014,"y":-0.08536039292812348,"z":0.020510196685791017,"w":-0.9685729146003723},"size":12.034815788269043,"orthographic":false}