{"cameraMode":{"drawMode":0,"name":"Shaded","section":"Shading Mode"},"sceneLighting":false,"audioPlay":false,"sceneViewState":{"showFog":false,"showMaterialUpdate":false,"showSkybox":false,"showFlares":false,"showImageEffects":false,"showParticleSystems":false},"in2DMode":false,"pivot":{"x":-2.6600000858306886,"y":-4.642000198364258,"z":-10.096736907958985},"rotation":{"x":-0.0018069330835714937,"y":0.054569944739341739,"z":-0.00009873990347841755,"w":-0.9985089302062988},"size":0.6250461935997009,"orthographic":false}