{"cameraMode":{"drawMode":0,"name":"Shaded","section":"Shading Mode"},"sceneLighting":false,"audioPlay":false,"sceneViewState":{"showFog":false,"showMaterialUpdate":false,"showSkybox":false,"showFlares":false,"showImageEffects":false,"showParticleSystems":false},"in2DMode":false,"pivot":{"x":0.0030511021614074709,"y":0.1817893534898758,"z":0.0429811105132103},"rotation":{"x":0.06752566248178482,"y":-0.6860648393630981,"z":0.06420095264911652,"w":0.7215568423271179},"size":0.5199896097183228,"orthographic":false}