{"cameraMode":{"drawMode":0,"name":"Shaded","section":"Shading Mode"},"sceneLighting":true,"audioPlay":false,"sceneViewState":{"showFog":false,"showMaterialUpdate":false,"showSkybox":false,"showFlares":false,"showImageEffects":false,"showParticleSystems":false},"in2DMode":false,"pivot":{"x":0.9139899611473084,"y":-8.636810302734375,"z":-11.94650650024414},"rotation":{"x":-0.0018069330835714937,"y":0.054569944739341739,"z":-0.00009873990347841755,"w":-0.9985089302062988},"size":3.6044998168945314,"orthographic":false}