{"cameraMode":{"drawMode":0,"name":"Shaded","section":"Shading Mode"},"sceneLighting":false,"audioPlay":false,"sceneViewState":{"showFog":false,"showMaterialUpdate":false,"showSkybox":false,"showFlares":false,"showImageEffects":false,"showParticleSystems":false},"in2DMode":false,"pivot":{"x":3.4994921684265138,"y":-3.4675540924072267,"z":-9.999672889709473},"rotation":{"x":-0.0018069330835714937,"y":0.054569944739341739,"z":-0.00009873990347841755,"w":-0.9985089302062988},"size":1.941111445426941,"orthographic":false}